[
  {
    "id": "517a4756-cd49-42ad-ba2b-ffc8b0641cad",
    "data": [
      {
        "text": "hey baby",
        "userDefined": false
      }
    ],
    "isTemplate": false,
    "count": 0,
    "updated": 0
  },
  {
    "id": "0386c9ae-902c-47fa-9275-4e46185526b0",
    "data": [
      {
        "text": "hey",
        "userDefined": false
      }
    ],
    "isTemplate": false,
    "count": 0,
    "updated": 0
  },
  {
    "id": "1fe34e75-b0c6-445a-a1cc-c4d5168c8870",
    "data": [
      {
        "text": "hello",
        "userDefined": false
      }
    ],
    "isTemplate": false,
    "count": 0,
    "updated": 0
  },
  {
    "id": "c94868c1-87b5-4d9c-bc23-fcfa6beeb7c3",
    "data": [
      {
        "text": "hi",
        "userDefined": false
      }
    ],
    "isTemplate": false,
    "count": 0,
    "updated": 0
  }
]