[
  {
    "id": "24ef8d21-79ee-4002-b39f-66fc6f946b03",
    "data": [
      {
        "text": "неплохо",
        "userDefined": false
      }
    ],
    "isTemplate": false,
    "count": 0,
    "updated": 0
  },
  {
    "id": "5de571b2-d5f5-4659-ba04-d8aaa34b30c6",
    "data": [
      {
        "text": "класс",
        "userDefined": false
      }
    ],
    "isTemplate": false,
    "count": 0,
    "updated": 0
  },
  {
    "id": "c1d1031d-dfe4-466a-aa80-f96a79794855",
    "data": [
      {
        "text": "класно",
        "userDefined": false
      }
    ],
    "isTemplate": false,
    "count": 0,
    "updated": 0
  }
]