[
  {
    "id": "63bda4b0-0c7b-403f-985c-06a1da79b58c",
    "data": [
      {
        "text": "привет ",
        "userDefined": false
      },
      {
        "text": "@sany",
        "alias": "Sany",
        "meta": "@Sany",
        "userDefined": true
      }
    ],
    "isTemplate": false,
    "count": 0,
    "updated": 0
  },
  {
    "id": "18dc5129-bdb9-4059-af8f-2daa29f8bf08",
    "data": [
      {
        "text": "привет",
        "userDefined": false
      }
    ],
    "isTemplate": false,
    "count": 0,
    "updated": 0
  }
]