[
  {
    "id": "8ddd3c59-4db0-46f3-b283-0b53ec5191a8",
    "data": [
      {
        "text": "всё отлично Как у тебя",
        "userDefined": false
      }
    ],
    "isTemplate": false,
    "count": 0,
    "updated": 0
  },
  {
    "id": "be9acd8e-1fee-428f-a5f1-6442fb3153c0",
    "data": [
      {
        "text": "ты как",
        "userDefined": false
      }
    ],
    "isTemplate": false,
    "count": 0,
    "updated": 0
  },
  {
    "id": "61da91b6-4782-4485-8e4c-6fc98b9db5d1",
    "data": [
      {
        "text": "как дела?",
        "userDefined": false
      }
    ],
    "isTemplate": false,
    "count": 0,
    "updated": 0
  }
]