[
  {
    "id": "b31dda9e-6866-4812-a5f9-db76665d7a70",
    "data": [
      {
        "text": "если честно нет",
        "userDefined": false
      }
    ],
    "isTemplate": false,
    "count": 0,
    "updated": 0
  },
  {
    "id": "7484d66e-06c4-4952-b485-2b90e041118c",
    "data": [
      {
        "text": "no",
        "userDefined": false
      }
    ],
    "isTemplate": false,
    "count": 0,
    "updated": 0
  },
  {
    "id": "028a5ffa-4711-449d-baf1-2ce3331516be",
    "data": [
      {
        "text": "нет",
        "userDefined": false
      }
    ],
    "isTemplate": false,
    "count": 0,
    "updated": 0
  }
]