[
  {
    "id": "6551dfc0-9428-4d24-91b6-005e127f1ed1",
    "data": [
      {
        "text": "что случилось",
        "userDefined": false
      }
    ],
    "isTemplate": false,
    "count": 0,
    "updated": 0
  },
  {
    "id": "e5be393f-af59-4526-be9e-b28e7723ec1c",
    "data": [
      {
        "text": "почему что случилось",
        "userDefined": false
      }
    ],
    "isTemplate": false,
    "count": 0,
    "updated": 0
  },
  {
    "id": "c1b72e22-7091-4435-9331-b6fb26edc089",
    "data": [
      {
        "text": "почему",
        "userDefined": false
      }
    ],
    "isTemplate": false,
    "count": 0,
    "updated": 0
  }
]