[
  {
    "id": "1f798c34-d58e-44bb-a053-5f987c86294c",
    "data": [
      {
        "text": "да очень",
        "userDefined": false
      }
    ],
    "isTemplate": false,
    "count": 0,
    "updated": 0
  },
  {
    "id": "6c497c82-d4e6-4daa-b4fc-1f01b8afa117",
    "data": [
      {
        "text": "yes",
        "userDefined": false
      }
    ],
    "isTemplate": false,
    "count": 0,
    "updated": 0
  },
  {
    "id": "4ff78e26-9c9d-40ca-bf78-a94ccb6b1b10",
    "data": [
      {
        "text": "да",
        "userDefined": false
      }
    ],
    "isTemplate": false,
    "count": 0,
    "updated": 0
  }
]