[
  {
    "id": "86319313-9a95-4616-8ade-7703f9e69fb4",
    "data": [
      {
        "text": "как тебя зовут",
        "userDefined": false
      }
    ],
    "isTemplate": false,
    "count": 0,
    "updated": 0
  },
  {
    "id": "48623c0e-75fe-4379-93a7-6b17b2ea2e22",
    "data": [
      {
        "text": "расскажи о себе",
        "userDefined": false
      }
    ],
    "isTemplate": false,
    "count": 0,
    "updated": 0
  },
  {
    "id": "0ebb4ac2-129c-4402-8cdd-ba3941566c37",
    "data": [
      {
        "text": "ты кто",
        "userDefined": false
      }
    ],
    "isTemplate": false,
    "count": 0,
    "updated": 0
  }
]