[
  {
    "id": "9394fd97-5e30-4663-8392-cf5be31e85f5",
    "data": [
      {
        "text": "может кофе попьем",
        "userDefined": false
      }
    ],
    "isTemplate": false,
    "count": 0,
    "updated": 0
  },
  {
    "id": "6d4b7af9-468a-4fb2-b1cd-ac1a70f62e7c",
    "data": [
      {
        "text": "Может чаю",
        "userDefined": false
      }
    ],
    "isTemplate": false,
    "count": 0,
    "updated": 0
  },
  {
    "id": "bdbd26fd-d0a5-4947-af30-e56a128b5f96",
    "data": [
      {
        "text": " ты хочешь поесть",
        "userDefined": false
      }
    ],
    "isTemplate": false,
    "count": 0,
    "updated": 0
  },
  {
    "id": "83b91a29-fe68-4336-a282-5adf846e8dcf",
    "data": [
      {
        "text": " Ты голодна",
        "userDefined": false
      }
    ],
    "isTemplate": false,
    "count": 0,
    "updated": 0
  },
  {
    "id": "75802bb7-033e-4201-aab7-f7586d6fea1d",
    "data": [
      {
        "text": "Может чаю попьем",
        "userDefined": false
      }
    ],
    "isTemplate": false,
    "count": 0,
    "updated": 0
  },
  {
    "id": "a8f11e68-e988-4659-a679-e7f4c27b53a4",
    "data": [
      {
        "text": "может кофе",
        "userDefined": false
      }
    ],
    "isTemplate": false,
    "count": 0,
    "updated": 0
  }
]