[
  {
    "id": "f9fb3fb9-77ea-4177-b978-a03debeb1b8a",
    "data": [
      {
        "text": "У меня тоже",
        "userDefined": false
      }
    ],
    "isTemplate": false,
    "count": 0,
    "updated": 0
  },
  {
    "id": "2cec20f0-4a5e-44ea-b378-a73f511414db",
    "data": [
      {
        "text": "все как прежде",
        "userDefined": false
      }
    ],
    "isTemplate": false,
    "count": 0,
    "updated": 0
  },
  {
    "id": "e32ee174-f098-49da-9739-bd0bdd49ea31",
    "data": [
      {
        "text": "ничего нового",
        "userDefined": false
      }
    ],
    "isTemplate": false,
    "count": 0,
    "updated": 0
  }
]