[
  {
    "id": "ec1e563c-b4f8-48d4-9893-31b3ff6b4a88",
    "data": [
      {
        "text": "Что нового",
        "userDefined": false
      }
    ],
    "isTemplate": false,
    "count": 0,
    "updated": 0
  },
  {
    "id": "61d8d3e6-1030-4fa3-a5f4-e72f3fd023b6",
    "data": [
      {
        "text": "Что ",
        "userDefined": false
      },
      {
        "text": "нового",
        "alias": "geo-city",
        "meta": "@sys.geo-city",
        "userDefined": false
      }
    ],
    "isTemplate": false,
    "count": 0,
    "updated": 0
  }
]